{
    "flower": {
        "Segmentation2DEvaluation": {
            "tp": 3289,
            "fp": 4152,
            "tn": 54969356,
            "fn": 8453,
            "precision": 0.44201048246203467,
            "recall": 0.28010560381536365
        },
        "PointCloudSegmentationEvaluation": {
            "tp": 0,
            "fp": 0,
            "tn": 0,
            "fn": 0
        }
    },
    "fruit": {
        "Segmentation2DEvaluation": {
            "tp": 183115,
            "fp": 133796,
            "tn": 54672647,
            "fn": 62450,
            "precision": 0.5778120671103244,
            "recall": 0.7456885142426649
        },
        "PointCloudSegmentationEvaluation": {
            "tp": 0,
            "fp": 0,
            "tn": 0,
            "fn": 0
        }
    },
    "leaf": {
        "Segmentation2DEvaluation": {
            "tp": 68266,
            "fp": 159776,
            "tn": 52986088,
            "fn": 41195,
            "precision": 0.2993571359661817,
            "recall": 0.6236559139784946
        },
        "PointCloudSegmentationEvaluation": {
            "tp": 0,
            "fp": 0,
            "tn": 0,
            "fn": 0
        }
    },
    "pedicel": {
        "Segmentation2DEvaluation": {
            "tp": 105325,
            "fp": 96250,
            "tn": 54780466,
            "fn": 53731,
            "precision": 0.5225102319236017,
            "recall": 0.6621881601448546
        },
        "PointCloudSegmentationEvaluation": {
            "tp": 0,
            "fp": 0,
            "tn": 0,
            "fn": 0
        }
    },
    "stem": {
        "Segmentation2DEvaluation": {
            "tp": 158570,
            "fp": 70999,
            "tn": 54735223,
            "fn": 75943,
            "precision": 0.690729148970462,
            "recall": 0.676167206082392
        },
        "PointCloudSegmentationEvaluation": {
            "tp": 0,
            "fp": 0,
            "tn": 0,
            "fn": 0
        }
    }
}