{
    "flower": {
        "Segmentation2DEvaluation": {
            "tp": 274210,
            "fp": 133381,
            "tn": 404254283,
            "fn": 31992,
            "precision": 0.6727577399893521,
            "recall": 0.8955199508820975
        },
        "PointCloudSegmentationEvaluation": {
            "tp": 10322,
            "fp": 1900,
            "tn": 408689,
            "fn": 35273,
            "precision": 0.8445426280477827,
            "recall": 0.22638447198157693
        }
    },
    "fruit": {
        "Segmentation2DEvaluation": {
            "tp": 2733216,
            "fp": 2641007,
            "tn": 631269521,
            "fn": 156431,
            "precision": 0.5085788215338292,
            "recall": 0.945865013961913
        },
        "PointCloudSegmentationEvaluation": {
            "tp": 213469,
            "fp": 14037,
            "tn": 901656,
            "fn": 64644,
            "precision": 0.9383005283377142,
            "recall": 0.7675621060504183
        }
    },
    "leaf": {
        "Segmentation2DEvaluation": {
            "tp": 4508848,
            "fp": 990290,
            "tn": 457408443,
            "fn": 227672,
            "precision": 0.8199190491309729,
            "recall": 0.9519326425308032
        },
        "PointCloudSegmentationEvaluation": {
            "tp": 653645,
            "fp": 24015,
            "tn": 344243,
            "fn": 41998,
            "precision": 0.964561874686421,
            "recall": 0.9396270788321021
        }
    },
    "pedicel": {
        "Segmentation2DEvaluation": {
            "tp": 1977706,
            "fp": 2048367,
            "tn": 632429836,
            "fn": 102544,
            "precision": 0.49122457541132514,
            "recall": 0.9507059247686576
        },
        "PointCloudSegmentationEvaluation": {
            "tp": 115632,
            "fp": 27342,
            "tn": 999493,
            "fn": 51339,
            "precision": 0.8087624323303537,
            "recall": 0.6925274448856388
        }
    },
    "stem": {
        "Segmentation2DEvaluation": {
            "tp": 1928554,
            "fp": 1550533,
            "tn": 633011669,
            "fn": 58887,
            "precision": 0.55432761526228,
            "recall": 0.9703704411854238
        },
        "PointCloudSegmentationEvaluation": {
            "tp": 122057,
            "fp": 11370,
            "tn": 993068,
            "fn": 67311,
            "precision": 0.9147848636332976,
            "recall": 0.644549237463563
        }
    }
}